START_OF_SETTINGS
Erlang: 1000, Seed_Value: 577, Demands_Count: 250000
END_OF_SETTINGS

START_OF_NODE_DATA
Name: Node_0, Replica_State: true, International_State: false, Max_Occupied_Regenerators: 100, Avg_Occupied_Regenerators_Count: 98.5, Number_of_Links: 3, Sum_LinkLengths: 1744, Avg_LinkLengths: 581.33
Name: Node_1, Replica_State: true, International_State: false, Max_Occupied_Regenerators: 100, Avg_Occupied_Regenerators_Count: 99.65, Number_of_Links: 5, Sum_LinkLengths: 2848, Avg_LinkLengths: 569.6
Name: Node_3, Replica_State: true, International_State: false, Max_Occupied_Regenerators: 100, Avg_Occupied_Regenerators_Count: 98.19, Number_of_Links: 4, Sum_LinkLengths: 2418, Avg_LinkLengths: 604.5
Name: Node_19, Replica_State: false, International_State: true, Max_Occupied_Regenerators: 63, Avg_Occupied_Regenerators_Count: 33.81, Number_of_Links: 2, Sum_LinkLengths: 1152, Avg_LinkLengths: 576.0
Name: Node_2, Replica_State: false, International_State: false, Max_Occupied_Regenerators: 100, Avg_Occupied_Regenerators_Count: 97.23, Number_of_Links: 3, Sum_LinkLengths: 1126, Avg_LinkLengths: 375.33
Name: Node_4, Replica_State: false, International_State: false, Max_Occupied_Regenerators: 100, Avg_Occupied_Regenerators_Count: 88.67, Number_of_Links: 3, Sum_LinkLengths: 1897, Avg_LinkLengths: 632.33
Name: Node_6, Replica_State: false, International_State: false, Max_Occupied_Regenerators: 100, Avg_Occupied_Regenerators_Count: 95.07, Number_of_Links: 3, Sum_LinkLengths: 1089, Avg_LinkLengths: 363.0
Name: Node_17, Replica_State: false, International_State: true, Max_Occupied_Regenerators: 100, Avg_Occupied_Regenerators_Count: 94.79, Number_of_Links: 2, Sum_LinkLengths: 1581, Avg_LinkLengths: 790.5
Name: Node_8, Replica_State: true, International_State: false, Max_Occupied_Regenerators: 100, Avg_Occupied_Regenerators_Count: 90.23, Number_of_Links: 4, Sum_LinkLengths: 1793, Avg_LinkLengths: 448.25
Name: Node_7, Replica_State: false, International_State: false, Max_Occupied_Regenerators: 100, Avg_Occupied_Regenerators_Count: 97.98, Number_of_Links: 3, Sum_LinkLengths: 1525, Avg_LinkLengths: 508.33
Name: Node_20, Replica_State: false, International_State: false, Max_Occupied_Regenerators: 100, Avg_Occupied_Regenerators_Count: 70.05, Number_of_Links: 2, Sum_LinkLengths: 1529, Avg_LinkLengths: 764.5
Name: Node_5, Replica_State: true, International_State: false, Max_Occupied_Regenerators: 100, Avg_Occupied_Regenerators_Count: 93.24, Number_of_Links: 3, Sum_LinkLengths: 1052, Avg_LinkLengths: 350.67
Name: Node_18, Replica_State: false, International_State: false, Max_Occupied_Regenerators: 100, Avg_Occupied_Regenerators_Count: 84.55, Number_of_Links: 2, Sum_LinkLengths: 1556, Avg_LinkLengths: 778.0
Name: Node_9, Replica_State: false, International_State: false, Max_Occupied_Regenerators: 100, Avg_Occupied_Regenerators_Count: 97.69, Number_of_Links: 3, Sum_LinkLengths: 1569, Avg_LinkLengths: 523.0
Name: Node_11, Replica_State: false, International_State: false, Max_Occupied_Regenerators: 100, Avg_Occupied_Regenerators_Count: 99.54, Number_of_Links: 5, Sum_LinkLengths: 2873, Avg_LinkLengths: 574.6
Name: Node_10, Replica_State: false, International_State: false, Max_Occupied_Regenerators: 100, Avg_Occupied_Regenerators_Count: 97.97, Number_of_Links: 4, Sum_LinkLengths: 2269, Avg_LinkLengths: 567.25
Name: Node_12, Replica_State: false, International_State: false, Max_Occupied_Regenerators: 100, Avg_Occupied_Regenerators_Count: 98.02, Number_of_Links: 3, Sum_LinkLengths: 3003, Avg_LinkLengths: 1001.0
Name: Node_14, Replica_State: false, International_State: false, Max_Occupied_Regenerators: 100, Avg_Occupied_Regenerators_Count: 84.74, Number_of_Links: 3, Sum_LinkLengths: 1310, Avg_LinkLengths: 436.67
Name: Node_15, Replica_State: false, International_State: false, Max_Occupied_Regenerators: 100, Avg_Occupied_Regenerators_Count: 86.38, Number_of_Links: 3, Sum_LinkLengths: 1464, Avg_LinkLengths: 488.0
Name: Node_24, Replica_State: true, International_State: false, Max_Occupied_Regenerators: 100, Avg_Occupied_Regenerators_Count: 86.84, Number_of_Links: 3, Sum_LinkLengths: 2807, Avg_LinkLengths: 935.67
Name: Node_25, Replica_State: false, International_State: false, Max_Occupied_Regenerators: 100, Avg_Occupied_Regenerators_Count: 85.7, Number_of_Links: 2, Sum_LinkLengths: 1262, Avg_LinkLengths: 631.0
Name: Node_13, Replica_State: false, International_State: false, Max_Occupied_Regenerators: 100, Avg_Occupied_Regenerators_Count: 79.24, Number_of_Links: 3, Sum_LinkLengths: 1734, Avg_LinkLengths: 578.0
Name: Node_21, Replica_State: false, International_State: true, Max_Occupied_Regenerators: 4, Avg_Occupied_Regenerators_Count: 2.51, Number_of_Links: 2, Sum_LinkLengths: 2709, Avg_LinkLengths: 1354.5
Name: Node_22, Replica_State: false, International_State: false, Max_Occupied_Regenerators: 100, Avg_Occupied_Regenerators_Count: 88.14, Number_of_Links: 3, Sum_LinkLengths: 2234, Avg_LinkLengths: 744.67
Name: Node_23, Replica_State: false, International_State: false, Max_Occupied_Regenerators: 100, Avg_Occupied_Regenerators_Count: 88.27, Number_of_Links: 3, Sum_LinkLengths: 1961, Avg_LinkLengths: 653.67
Name: Node_16, Replica_State: true, International_State: false, Max_Occupied_Regenerators: 11, Avg_Occupied_Regenerators_Count: 4.93, Number_of_Links: 2, Sum_LinkLengths: 1594, Avg_LinkLengths: 797.0
Name: Node_26, Replica_State: false, International_State: false, Max_Occupied_Regenerators: 48, Avg_Occupied_Regenerators_Count: 32.5, Number_of_Links: 2, Sum_LinkLengths: 1836, Avg_LinkLengths: 918.0
Name: Node_27, Replica_State: false, International_State: false, Max_Occupied_Regenerators: 70, Avg_Occupied_Regenerators_Count: 39.34, Number_of_Links: 2, Sum_LinkLengths: 1345, Avg_LinkLengths: 672.5
END_OF_NODE_DATA