name,isReplica,isInternational,MaxOccupiedReg,AvgOccupeidReg,LinkCount,SumLinkLength,AvgLinkLength
Node_0,true,false,60,19.09,3,1744,581.33
Node_1,true,false,100,75.18,5,2848,569.6
Node_3,true,false,67,31.53,4,2418,604.5
Node_19,false,true,11,2.93,2,1152,576.0
Node_2,false,false,45,15.53,3,1126,375.33
Node_4,false,false,34,10.7,3,1897,632.33
Node_6,false,false,51,14.7,3,1089,363.0
Node_17,false,true,44,20.87,2,1581,790.5
Node_8,true,false,38,7.97,4,1793,448.25
Node_7,false,false,55,24.54,3,1525,508.33
Node_20,false,false,13,0.27,2,1529,764.5
Node_5,true,false,42,12.83,3,1052,350.67
Node_18,false,false,15,3.88,2,1556,778.0
Node_9,false,false,60,24.49,3,1569,523.0
Node_11,false,false,96,55.9,5,2873,574.6
Node_10,false,false,44,18.58,4,2269,567.25
Node_12,false,false,46,26.94,3,3003,1001.0
Node_14,false,false,35,16.07,3,1310,436.67
Node_15,false,false,20,5.27,3,1464,488.0
Node_24,true,false,33,11.81,3,2807,935.67
Node_25,false,false,21,5.58,2,1262,631.0
Node_13,false,false,27,4.09,3,1734,578.0
Node_21,false,true,3,0.1,2,2709,1354.5
Node_22,false,false,33,15.76,3,2234,744.67
Node_23,false,false,38,17.95,3,1961,653.67
Node_16,true,false,6,1.5,2,1594,797.0
Node_26,false,false,25,7.63,2,1836,918.0
Node_27,false,false,3,0.12,2,1345,672.5
END_OF_DATA
Erlang: 500, Seed_Value: 9528, Demands_Count: 250000

CREATED_ON:2018-11-22 15:36:49.911