name,isReplica,isInternational,MaxOccupiedReg,AvgOccupeidReg,LinkCount,SumLinkLength,AvgLinkLength
Node_0,true,false,45,8.16,3,1744,581.33
Node_1,true,false,100,43.24,5,2848,569.6
Node_3,true,false,54,16.04,4,2418,604.5
Node_19,false,true,10,2.76,2,1152,576.0
Node_2,false,false,37,8.85,3,1126,375.33
Node_4,false,false,27,6.12,3,1897,632.33
Node_6,false,false,33,9.12,3,1089,363.0
Node_17,false,true,34,14.02,2,1581,790.5
Node_8,true,false,20,5.05,4,1793,448.25
Node_7,false,false,45,15.4,3,1525,508.33
Node_20,false,false,21,0.69,2,1529,764.5
Node_5,true,false,26,8.82,3,1052,350.67
Node_18,false,false,11,2.14,2,1556,778.0
Node_9,false,false,44,17.73,3,1569,523.0
Node_11,false,false,73,43.34,5,2873,574.6
Node_10,false,false,43,18.78,4,2269,567.25
Node_12,false,false,46,21.54,3,3003,1001.0
Node_14,false,false,29,9.15,3,1310,436.67
Node_15,false,false,21,3.75,3,1464,488.0
Node_24,true,false,20,7.39,3,2807,935.67
Node_25,false,false,16,2.54,2,1262,631.0
Node_13,false,false,13,1.63,3,1734,578.0
Node_21,false,true,1,0.02,2,2709,1354.5
Node_22,false,false,28,12.13,3,2234,744.67
Node_23,false,false,30,12.34,3,1961,653.67
Node_16,true,false,7,1.18,2,1594,797.0
Node_26,false,false,19,3.29,2,1836,918.0
Node_27,false,false,4,0.16,2,1345,672.5
END_OF_DATA
Erlang: 400, Seed_Value: 621, Demands_Count: 250000

CREATED_ON:2018-11-22 15:00:58.163