START_OF_SETTINGS
Erlang: 1000, Seed_Value: 12, Demands_Count: 250000
END_OF_SETTINGS

START_OF_NODE_DATA
Name: Node_0, Replica_State: true, International_State: false, Max_Occupied_Regenerators: 100, Avg_Occupied_Regenerators_Count: 97.19, Number_of_Links: 3, Sum_LinkLengths: 1744, Avg_LinkLengths: 581.33
Name: Node_1, Replica_State: true, International_State: false, Max_Occupied_Regenerators: 100, Avg_Occupied_Regenerators_Count: 99.64, Number_of_Links: 5, Sum_LinkLengths: 2848, Avg_LinkLengths: 569.6
Name: Node_3, Replica_State: true, International_State: false, Max_Occupied_Regenerators: 100, Avg_Occupied_Regenerators_Count: 98.61, Number_of_Links: 4, Sum_LinkLengths: 2418, Avg_LinkLengths: 604.5
Name: Node_19, Replica_State: false, International_State: true, Max_Occupied_Regenerators: 32, Avg_Occupied_Regenerators_Count: 17.08, Number_of_Links: 2, Sum_LinkLengths: 1152, Avg_LinkLengths: 576.0
Name: Node_2, Replica_State: false, International_State: false, Max_Occupied_Regenerators: 100, Avg_Occupied_Regenerators_Count: 98.33, Number_of_Links: 3, Sum_LinkLengths: 1126, Avg_LinkLengths: 375.33
Name: Node_4, Replica_State: false, International_State: false, Max_Occupied_Regenerators: 100, Avg_Occupied_Regenerators_Count: 90.27, Number_of_Links: 3, Sum_LinkLengths: 1897, Avg_LinkLengths: 632.33
Name: Node_6, Replica_State: false, International_State: false, Max_Occupied_Regenerators: 100, Avg_Occupied_Regenerators_Count: 95.88, Number_of_Links: 3, Sum_LinkLengths: 1089, Avg_LinkLengths: 363.0
Name: Node_17, Replica_State: false, International_State: true, Max_Occupied_Regenerators: 100, Avg_Occupied_Regenerators_Count: 96.01, Number_of_Links: 2, Sum_LinkLengths: 1581, Avg_LinkLengths: 790.5
Name: Node_8, Replica_State: true, International_State: false, Max_Occupied_Regenerators: 100, Avg_Occupied_Regenerators_Count: 92.5, Number_of_Links: 4, Sum_LinkLengths: 1793, Avg_LinkLengths: 448.25
Name: Node_7, Replica_State: false, International_State: false, Max_Occupied_Regenerators: 100, Avg_Occupied_Regenerators_Count: 98.63, Number_of_Links: 3, Sum_LinkLengths: 1525, Avg_LinkLengths: 508.33
Name: Node_20, Replica_State: false, International_State: false, Max_Occupied_Regenerators: 100, Avg_Occupied_Regenerators_Count: 61.8, Number_of_Links: 2, Sum_LinkLengths: 1529, Avg_LinkLengths: 764.5
Name: Node_5, Replica_State: true, International_State: false, Max_Occupied_Regenerators: 100, Avg_Occupied_Regenerators_Count: 94.9, Number_of_Links: 3, Sum_LinkLengths: 1052, Avg_LinkLengths: 350.67
Name: Node_18, Replica_State: false, International_State: false, Max_Occupied_Regenerators: 100, Avg_Occupied_Regenerators_Count: 85.38, Number_of_Links: 2, Sum_LinkLengths: 1556, Avg_LinkLengths: 778.0
Name: Node_9, Replica_State: false, International_State: false, Max_Occupied_Regenerators: 100, Avg_Occupied_Regenerators_Count: 98.13, Number_of_Links: 3, Sum_LinkLengths: 1569, Avg_LinkLengths: 523.0
Name: Node_11, Replica_State: false, International_State: false, Max_Occupied_Regenerators: 100, Avg_Occupied_Regenerators_Count: 99.52, Number_of_Links: 5, Sum_LinkLengths: 2873, Avg_LinkLengths: 574.6
Name: Node_10, Replica_State: false, International_State: false, Max_Occupied_Regenerators: 100, Avg_Occupied_Regenerators_Count: 98.41, Number_of_Links: 4, Sum_LinkLengths: 2269, Avg_LinkLengths: 567.25
Name: Node_12, Replica_State: false, International_State: false, Max_Occupied_Regenerators: 100, Avg_Occupied_Regenerators_Count: 98.5, Number_of_Links: 3, Sum_LinkLengths: 3003, Avg_LinkLengths: 1001.0
Name: Node_14, Replica_State: false, International_State: false, Max_Occupied_Regenerators: 100, Avg_Occupied_Regenerators_Count: 85.93, Number_of_Links: 3, Sum_LinkLengths: 1310, Avg_LinkLengths: 436.67
Name: Node_15, Replica_State: false, International_State: false, Max_Occupied_Regenerators: 100, Avg_Occupied_Regenerators_Count: 85.8, Number_of_Links: 3, Sum_LinkLengths: 1464, Avg_LinkLengths: 488.0
Name: Node_24, Replica_State: true, International_State: false, Max_Occupied_Regenerators: 100, Avg_Occupied_Regenerators_Count: 87.78, Number_of_Links: 3, Sum_LinkLengths: 2807, Avg_LinkLengths: 935.67
Name: Node_25, Replica_State: false, International_State: false, Max_Occupied_Regenerators: 100, Avg_Occupied_Regenerators_Count: 85.04, Number_of_Links: 2, Sum_LinkLengths: 1262, Avg_LinkLengths: 631.0
Name: Node_13, Replica_State: false, International_State: false, Max_Occupied_Regenerators: 100, Avg_Occupied_Regenerators_Count: 80.61, Number_of_Links: 3, Sum_LinkLengths: 1734, Avg_LinkLengths: 578.0
Name: Node_21, Replica_State: false, International_State: true, Max_Occupied_Regenerators: 5, Avg_Occupied_Regenerators_Count: 3.02, Number_of_Links: 2, Sum_LinkLengths: 2709, Avg_LinkLengths: 1354.5
Name: Node_22, Replica_State: false, International_State: false, Max_Occupied_Regenerators: 100, Avg_Occupied_Regenerators_Count: 87.94, Number_of_Links: 3, Sum_LinkLengths: 2234, Avg_LinkLengths: 744.67
Name: Node_23, Replica_State: false, International_State: false, Max_Occupied_Regenerators: 100, Avg_Occupied_Regenerators_Count: 88.39, Number_of_Links: 3, Sum_LinkLengths: 1961, Avg_LinkLengths: 653.67
Name: Node_16, Replica_State: true, International_State: false, Max_Occupied_Regenerators: 11, Avg_Occupied_Regenerators_Count: 2.53, Number_of_Links: 2, Sum_LinkLengths: 1594, Avg_LinkLengths: 797.0
Name: Node_26, Replica_State: false, International_State: false, Max_Occupied_Regenerators: 58, Avg_Occupied_Regenerators_Count: 36.44, Number_of_Links: 2, Sum_LinkLengths: 1836, Avg_LinkLengths: 918.0
Name: Node_27, Replica_State: false, International_State: false, Max_Occupied_Regenerators: 80, Avg_Occupied_Regenerators_Count: 46.71, Number_of_Links: 2, Sum_LinkLengths: 1345, Avg_LinkLengths: 672.5
END_OF_NODE_DATA